amount,card_type,location,device_fingerprint,time_of_day,timestamp,is_fraud,prediction
221.29999999999998,Visa,"New York, NY",MacBook Air,4,2025-09-19T04:00:51.718231,0,
80.8,Amex,"New York, NY",Galaxy S23,4,2025-09-19T04:00:51.718254,0,
85.3,Mastercard,"Los Angeles, CA",iPhone 14,4,2025-09-19T04:00:51.718266,0,
2517.49,Amex,"Houston, TX",MacBook Air,4,2025-09-19T04:00:51.718306,1,
80.19999999999999,Visa,"Houston, TX",iPhone 14,4,2025-09-19T04:00:51.718313,0,
161.20000000000002,Mastercard,"New York, NY",iPad Pro,4,2025-09-19T04:00:51.718321,0,
198.29999999999998,Amex,"Los Angeles, CA",iPhone 14,4,2025-09-19T04:00:51.718328,0,
2734.78,Amex,"Houston, TX",iPad Pro,4,2025-09-19T04:00:51.718340,1,
47.0,Mastercard,"Houston, TX",MacBook Air,4,2025-09-19T04:00:51.718347,0,
176.20000000000002,Mastercard,"Los Angeles, CA",iPad Pro,4,2025-09-19T04:00:51.718353,0,
3500.92,Visa,"New York, NY",iPad Pro,4,2025-09-19T04:00:51.718370,1,
146.6,Amex,"San Francisco, CA",iPad Pro,4,2025-09-19T04:00:51.718376,0,
232.2,Visa,"San Francisco, CA",MacBook Air,4,2025-09-19T04:00:51.718383,0,
223.2,Visa,"Miami, FL",MacBook Air,4,2025-09-19T04:00:51.718389,0,
4054.47,Amex,"New York, NY",Galaxy S23,4,2025-09-19T04:00:51.718399,1,
154.3,Amex,"Miami, FL",Pixel 7,4,2025-09-19T04:00:51.718405,0,
503.5,Visa,"Los Angeles, CA",iPad Pro,4,2025-09-19T04:00:51.718411,0,
107.89999999999999,Visa,"New York, NY",iPad Pro,4,2025-09-19T04:00:51.718418,0,
107.5,Visa,"Houston, TX",Galaxy S23,4,2025-09-19T04:00:51.718424,0,
183.5,Mastercard,"Los Angeles, CA",Pixel 7,4,2025-09-19T04:00:51.718430,0,
153.2,Visa,"San Francisco, CA",iPhone 14,4,2025-09-19T04:00:51.718436,0,
162.8,Amex,"Miami, FL",Pixel 7,4,2025-09-19T04:00:51.718443,0,
149.9,Visa,"San Francisco, CA",Pixel 7,4,2025-09-19T04:00:51.718449,0,
149.60000000000002,Mastercard,"Miami, FL",iPad Pro,4,2025-09-19T04:00:51.718455,0,
87.69999999999999,Amex,"Chicago, IL",Galaxy S23,4,2025-09-19T04:00:51.718461,0,
3204.43,Amex,"Houston, TX",Pixel 7,4,2025-09-19T04:00:51.718471,1,
163.5,Visa,"New York, NY",Pixel 7,4,2025-09-19T04:00:51.718477,0,
177.39999999999998,Mastercard,"Miami, FL",iPhone 14,4,2025-09-19T04:00:51.718484,0,
77.30000000000001,Visa,"San Francisco, CA",iPad Pro,4,2025-09-19T04:00:51.718490,0,
76.10000000000001,Amex,"Houston, TX",MacBook Air,4,2025-09-19T04:00:51.718503,0,
94.0,Amex,"New York, NY",Galaxy S23,4,2025-09-19T04:00:51.718509,0,
195.79999999999998,Visa,"Miami, FL",Galaxy S23,4,2025-09-19T04:00:51.718518,0,
196.0,Visa,"Chicago, IL",iPhone 14,4,2025-09-19T04:00:51.718524,0,
151.4,Visa,"Los Angeles, CA",Galaxy S23,4,2025-09-19T04:00:51.718530,0,
128.1,Visa,"Miami, FL",MacBook Air,4,2025-09-19T04:00:51.718536,0,
226.20000000000002,Mastercard,"Los Angeles, CA",Galaxy S23,4,2025-09-19T04:00:51.718542,0,
115.3,Mastercard,"Chicago, IL",MacBook Air,4,2025-09-19T04:00:51.718548,0,
154.2,Mastercard,"Miami, FL",Galaxy S23,4,2025-09-19T04:00:51.718554,0,
375.4,Visa,"Chicago, IL",Galaxy S23,4,2025-09-19T04:00:51.718561,0,
4899.03,Mastercard,"New York, NY",Galaxy S23,4,2025-09-19T04:00:51.718570,1,
96.1,Amex,"San Francisco, CA",Pixel 7,4,2025-09-19T04:00:51.718576,0,
65.1,Amex,"San Francisco, CA",Galaxy S23,4,2025-09-19T04:00:51.718583,0,
145.39999999999998,Visa,"Houston, TX",Galaxy S23,4,2025-09-19T04:00:51.718589,0,
72.5,Amex,"San Francisco, CA",iPhone 14,4,2025-09-19T04:00:51.718595,0,
157.3,Visa,"Chicago, IL",Pixel 7,4,2025-09-19T04:00:51.718601,0,
3269.49,Visa,"Los Angeles, CA",Galaxy S23,4,2025-09-19T04:00:51.718611,1,
275.7,Visa,"Chicago, IL",iPad Pro,4,2025-09-19T04:00:51.718617,0,
59.400000000000006,Amex,"San Francisco, CA",Galaxy S23,4,2025-09-19T04:00:51.718623,0,
83.3,Visa,"San Francisco, CA",iPhone 14,4,2025-09-19T04:00:51.718630,0,
141.1,Amex,"Miami, FL",MacBook Air,4,2025-09-19T04:00:51.718638,0,
72.2,Mastercard,"New York, NY",Pixel 7,4,2025-09-19T04:00:51.718644,0,
177.3,Mastercard,"New York, NY",MacBook Air,4,2025-09-19T04:00:51.718650,0,
97.30000000000001,Amex,"New York, NY",MacBook Air,4,2025-09-19T04:00:51.718656,0,
85.19999999999999,Visa,"New York, NY",MacBook Air,4,2025-09-19T04:00:51.718663,0,
3521.53,Mastercard,"San Francisco, CA",iPhone 14,4,2025-09-19T04:00:51.718673,1,
117.0,Mastercard,"Chicago, IL",Galaxy S23,4,2025-09-19T04:00:51.718679,0,
4555.65,Mastercard,"Los Angeles, CA",MacBook Air,4,2025-09-19T04:00:51.718689,1,
2936.19,Amex,"San Francisco, CA",MacBook Air,4,2025-09-19T04:00:51.718698,1,
3886.13,Amex,"San Francisco, CA",MacBook Air,4,2025-09-19T04:00:51.718707,1,
142.3,Visa,"San Francisco, CA",Pixel 7,4,2025-09-19T04:00:51.718714,0,
138.4,Mastercard,"Los Angeles, CA",iPhone 14,4,2025-09-19T04:00:51.718719,0,
75.19999999999999,Visa,"Houston, TX",iPad Pro,4,2025-09-19T04:00:51.718725,0,
1105.07,Amex,"Houston, TX",Pixel 7,4,2025-09-19T04:00:51.718735,1,
242.2,Mastercard,"Miami, FL",Galaxy S23,4,2025-09-19T04:00:51.718741,0,
80.5,Mastercard,"Los Angeles, CA",iPad Pro,4,2025-09-19T04:00:51.718747,0,
148.6,Amex,"Chicago, IL",MacBook Air,4,2025-09-19T04:00:51.718755,0,
137.6,Visa,"Chicago, IL",Pixel 7,4,2025-09-19T04:00:51.718761,0,
207.0,Mastercard,"Miami, FL",MacBook Air,4,2025-09-19T04:00:51.718767,0,
215.6,Amex,"San Francisco, CA",Galaxy S23,4,2025-09-19T04:00:51.718777,0,
132.6,Visa,"Los Angeles, CA",MacBook Air,4,2025-09-19T04:00:51.718783,0,
76.10000000000001,Amex,"Los Angeles, CA",iPad Pro,4,2025-09-19T04:00:51.718789,0,
388.6,Visa,"Houston, TX",Pixel 7,4,2025-09-19T04:00:51.718795,0,
173.4,Mastercard,"Houston, TX",iPad Pro,4,2025-09-19T04:00:51.718801,0,
75.3,Amex,"Houston, TX",Pixel 7,4,2025-09-19T04:00:51.718807,0,
1772.36,Mastercard,"Los Angeles, CA",iPhone 14,4,2025-09-19T04:00:51.718817,1,
137.10000000000002,Amex,"Chicago, IL",MacBook Air,4,2025-09-19T04:00:51.718823,0,
125.8,Amex,"Chicago, IL",iPhone 14,4,2025-09-19T04:00:51.718829,0,
105.9,Amex,"Miami, FL",MacBook Air,4,2025-09-19T04:00:51.718837,0,
182.10000000000002,Visa,"Chicago, IL",MacBook Air,4,2025-09-19T04:00:51.718843,0,
55.0,Mastercard,"New York, NY",iPhone 14,4,2025-09-19T04:00:51.718850,0,
143.4,Visa,"New York, NY",iPad Pro,4,2025-09-19T04:00:51.718856,0,
179.3,Visa,"San Francisco, CA",MacBook Air,4,2025-09-19T04:00:51.718862,0,
179.4,Amex,"Miami, FL",Galaxy S23,4,2025-09-19T04:00:51.718868,0,
211.1,Mastercard,"Los Angeles, CA",Pixel 7,4,2025-09-19T04:00:51.718878,0,
75.1,Amex,"Miami, FL",MacBook Air,4,2025-09-19T04:00:51.718885,0,
114.3,Mastercard,"San Francisco, CA",Galaxy S23,4,2025-09-19T04:00:51.718892,0,
84.2,Mastercard,"New York, NY",iPad Pro,4,2025-09-19T04:00:51.718898,0,
165.7,Mastercard,"Los Angeles, CA",iPad Pro,4,2025-09-19T04:00:51.719004,0,
1992.68,Amex,"San Francisco, CA",Pixel 7,4,2025-09-19T04:00:51.719027,1,
66.6,Visa,"New York, NY",iPhone 14,4,2025-09-19T04:00:51.719034,0,
125.7,Mastercard,"San Francisco, CA",Galaxy S23,4,2025-09-19T04:00:51.719040,0,
73.0,Visa,"Houston, TX",iPhone 14,4,2025-09-19T04:00:51.719046,0,
108.4,Mastercard,"Los Angeles, CA",iPad Pro,4,2025-09-19T04:00:51.719053,0,
120.19999999999999,Mastercard,"Miami, FL",MacBook Air,4,2025-09-19T04:00:51.719060,0,
143.6,Visa,"Houston, TX",Galaxy S23,4,2025-09-19T04:00:51.719066,0,
105.1,Amex,"Houston, TX",iPad Pro,4,2025-09-19T04:00:51.719072,0,
83.6,Mastercard,"Miami, FL",iPad Pro,4,2025-09-19T04:00:51.719079,0,
119.5,Visa,"Miami, FL",iPhone 14,4,2025-09-19T04:00:51.719085,0,
117.89999999999999,Mastercard,"Los Angeles, CA",iPhone 14,4,2025-09-19T04:00:51.719091,0,
98.0,Visa,"San Francisco, CA",Galaxy S23,4,2025-09-19T04:00:51.719098,0,
200.3,Visa,"Houston, TX",iPad Pro,4,2025-09-19T04:00:51.719105,0,
4559.25,Amex,"Chicago, IL",iPad Pro,4,2025-09-19T04:00:51.719114,1,
51.900000000000006,Mastercard,"Chicago, IL",iPad Pro,4,2025-09-19T04:00:51.719120,0,
69.2,Amex,"Los Angeles, CA",iPad Pro,4,2025-09-19T04:00:51.719127,0,
3854.13,Mastercard,"New York, NY",MacBook Air,4,2025-09-19T04:00:51.719136,1,
133.3,Visa,"Houston, TX",Galaxy S23,4,2025-09-19T04:00:51.719142,0,
221.6,Visa,"Miami, FL",Pixel 7,4,2025-09-19T04:00:51.719149,0,
224.1,Visa,"Los Angeles, CA",Galaxy S23,4,2025-09-19T04:00:51.719157,0,
139.1,Amex,"Houston, TX",iPhone 14,4,2025-09-19T04:00:51.719163,0,
228.29999999999998,Mastercard,"Los Angeles, CA",iPad Pro,4,2025-09-19T04:00:51.719170,0,
74.0,Mastercard,"Los Angeles, CA",Pixel 7,4,2025-09-19T04:00:51.719176,0,
57.0,Mastercard,"Houston, TX",iPhone 14,4,2025-09-19T04:00:51.719185,0,
156.3,Visa,"Los Angeles, CA",iPad Pro,4,2025-09-19T04:00:51.719191,0,
2567.0,Amex,"Chicago, IL",Pixel 7,4,2025-09-19T04:00:51.719201,1,
61.0,Amex,"Chicago, IL",iPhone 14,4,2025-09-19T04:00:51.719207,0,
153.4,Amex,"Chicago, IL",MacBook Air,4,2025-09-19T04:00:51.719213,0,
164.5,Mastercard,"Los Angeles, CA",MacBook Air,4,2025-09-19T04:00:51.719219,0,
77.1,Visa,"San Francisco, CA",iPhone 14,4,2025-09-19T04:00:51.719225,0,
100.8,Amex,"Miami, FL",MacBook Air,4,2025-09-19T04:00:51.719231,0,
119.80000000000001,Mastercard,"Houston, TX",Galaxy S23,4,2025-09-19T04:00:51.719237,0,
68.0,Amex,"Los Angeles, CA",Galaxy S23,4,2025-09-19T04:00:51.719243,0,
194.0,Visa,"Houston, TX",iPad Pro,4,2025-09-19T04:00:51.719249,0,
73.3,Mastercard,"Chicago, IL",iPhone 14,4,2025-09-19T04:00:51.719256,0,
91.0,Amex,"San Francisco, CA",MacBook Air,4,2025-09-19T04:00:51.719262,0,
147.10000000000002,Visa,"Chicago, IL",MacBook Air,4,2025-09-19T04:00:51.719267,0,
147.3,Amex,"Los Angeles, CA",Galaxy S23,4,2025-09-19T04:00:51.719274,0,
170.6,Visa,"San Francisco, CA",Pixel 7,4,2025-09-19T04:00:51.719279,0,
192.10000000000002,Amex,"San Francisco, CA",iPhone 14,4,2025-09-19T04:00:51.719288,0,
75.7,Amex,"Houston, TX",MacBook Air,4,2025-09-19T04:00:51.719295,0,
151.9,Visa,"San Francisco, CA",Pixel 7,4,2025-09-19T04:00:51.719302,0,
116.1,Mastercard,"San Francisco, CA",MacBook Air,4,2025-09-19T04:00:51.719308,0,
389.3,Amex,"Los Angeles, CA",iPhone 14,4,2025-09-19T04:00:51.719315,0,
243.0,Visa,"Houston, TX",iPhone 14,4,2025-09-19T04:00:51.719320,0,
2087.21,Amex,"San Francisco, CA",iPhone 14,4,2025-09-19T04:00:51.719332,1,
248.70000000000002,Amex,"New York, NY",MacBook Air,4,2025-09-19T04:00:51.719339,0,
285.5,Amex,"Houston, TX",iPad Pro,4,2025-09-19T04:00:51.719345,0,
249.89999999999998,Amex,"Los Angeles, CA",iPad Pro,4,2025-09-19T04:00:51.719351,0,
240.79999999999998,Amex,"Chicago, IL",iPad Pro,4,2025-09-19T04:00:51.719357,0,
138.1,Visa,"San Francisco, CA",Galaxy S23,4,2025-09-19T04:00:51.719363,0,
2214.9,Mastercard,"Chicago, IL",iPad Pro,4,2025-09-19T04:00:51.719373,1,
73.1,Amex,"Chicago, IL",Galaxy S23,4,2025-09-19T04:00:51.719379,0,
43.3,Amex,"Miami, FL",iPad Pro,4,2025-09-19T04:00:51.719385,0,
209.0,Amex,"Chicago, IL",MacBook Air,4,2025-09-19T04:00:51.719389,0,
78.3,Visa,"New York, NY",MacBook Air,4,2025-09-19T04:00:51.719393,0,
80.9,Visa,"San Francisco, CA",Pixel 7,4,2025-09-19T04:00:51.719397,0,
1605.32,Amex,"Houston, TX",iPad Pro,4,2025-09-19T04:00:51.719404,1,
64.80000000000001,Mastercard,"New York, NY",iPhone 14,4,2025-09-19T04:00:51.719410,0,
4238.29,Mastercard,"Los Angeles, CA",iPhone 14,4,2025-09-19T04:00:51.719416,1,
68.1,Mastercard,"Miami, FL",MacBook Air,4,2025-09-19T04:00:51.719420,0,
86.7,Mastercard,"Houston, TX",Pixel 7,4,2025-09-19T04:00:51.719425,0,
111.30000000000001,Amex,"Miami, FL",Pixel 7,4,2025-09-19T04:00:51.719429,0,
90.39999999999999,Amex,"San Francisco, CA",Pixel 7,4,2025-09-19T04:00:51.719440,0,
203.6,Mastercard,"Chicago, IL",MacBook Air,4,2025-09-19T04:00:51.719449,0,
111.8,Visa,"Houston, TX",iPhone 14,4,2025-09-19T04:00:51.719453,0,
105.7,Visa,"San Francisco, CA",Galaxy S23,4,2025-09-19T04:00:51.719457,0,
78.0,Visa,"Miami, FL",MacBook Air,4,2025-09-19T04:00:51.719461,0,
96.1,Amex,"Houston, TX",Pixel 7,4,2025-09-19T04:00:51.719465,0,
141.4,Visa,"San Francisco, CA",Pixel 7,4,2025-09-19T04:00:51.719469,0,
221.20000000000002,Mastercard,"New York, NY",MacBook Air,4,2025-09-19T04:00:51.719473,0,
161.8,Amex,"San Francisco, CA",Pixel 7,4,2025-09-19T04:00:51.719477,0,
303.6,Visa,"Los Angeles, CA",iPhone 14,4,2025-09-19T04:00:51.719481,0,
297.0,Amex,"Chicago, IL",iPhone 14,4,2025-09-19T04:00:51.719485,0,
115.19999999999999,Mastercard,"San Francisco, CA",MacBook Air,4,2025-09-19T04:00:51.719489,0,
118.80000000000001,Mastercard,"Houston, TX",iPad Pro,4,2025-09-19T04:00:51.719493,0,
4886.64,Amex,"San Francisco, CA",iPad Pro,4,2025-09-19T04:00:51.719501,1,
195.3,Visa,"Miami, FL",Pixel 7,4,2025-09-19T04:00:51.719505,0,
67.8,Visa,"San Francisco, CA",iPad Pro,4,2025-09-19T04:00:51.719511,0,
103.10000000000001,Mastercard,"Miami, FL",Galaxy S23,4,2025-09-19T04:00:51.719515,0,
41.2,Mastercard,"Chicago, IL",Galaxy S23,4,2025-09-19T04:00:51.719519,0,
68.89999999999999,Mastercard,"Chicago, IL",MacBook Air,4,2025-09-19T04:00:51.719523,0,
56.3,Visa,"Houston, TX",iPhone 14,4,2025-09-19T04:00:51.719527,0,
144.5,Mastercard,"New York, NY",iPhone 14,4,2025-09-19T04:00:51.719546,0,
101.7,Visa,"Los Angeles, CA",iPad Pro,4,2025-09-19T04:00:51.719575,0,
117.0,Mastercard,"San Francisco, CA",Galaxy S23,4,2025-09-19T04:00:51.719583,0,
201.20000000000002,Mastercard,"Houston, TX",Galaxy S23,4,2025-09-19T04:00:51.719587,0,
165.5,Mastercard,"Houston, TX",iPad Pro,4,2025-09-19T04:00:51.719597,0,
2440.92,Mastercard,"Miami, FL",iPhone 14,4,2025-09-19T04:00:51.719612,1,
146.5,Mastercard,"Chicago, IL",iPad Pro,4,2025-09-19T04:00:51.719616,0,
167.2,Mastercard,"Miami, FL",Galaxy S23,4,2025-09-19T04:00:51.719620,0,
44.1,Visa,"Chicago, IL",Pixel 7,4,2025-09-19T04:00:51.719625,0,
142.0,Mastercard,"New York, NY",iPhone 14,4,2025-09-19T04:00:51.719629,0,
3877.47,Visa,"Chicago, IL",MacBook Air,4,2025-09-19T04:00:51.719636,1,
139.2,Visa,"New York, NY",iPhone 14,4,2025-09-19T04:00:51.719640,0,
145.0,Amex,"Miami, FL",iPad Pro,4,2025-09-19T04:00:51.719645,0,
391.0,Mastercard,"San Francisco, CA",Galaxy S23,4,2025-09-19T04:00:51.719650,0,
72.2,Visa,"Miami, FL",iPhone 14,4,2025-09-19T04:00:51.719656,0,
116.0,Mastercard,"New York, NY",Pixel 7,4,2025-09-19T04:00:51.719660,0,
68.60000000000001,Amex,"Chicago, IL",MacBook Air,4,2025-09-19T04:00:51.719664,0,
144.8,Amex,"Houston, TX",MacBook Air,4,2025-09-19T04:00:51.719668,0,
85.19999999999999,Mastercard,"Houston, TX",Galaxy S23,4,2025-09-19T04:00:51.719672,0,
136.8,Visa,"Miami, FL",iPad Pro,4,2025-09-19T04:00:51.719676,0,
80.9,Mastercard,"New York, NY",Pixel 7,4,2025-09-19T04:00:51.719680,0,
75.5,Visa,"Miami, FL",iPad Pro,4,2025-09-19T04:00:51.719684,0,
137.3,Visa,"New York, NY",iPhone 14,4,2025-09-19T04:00:51.719688,0,
151.6,Mastercard,"Chicago, IL",MacBook Air,4,2025-09-19T04:00:51.719692,0,
2021.52,Mastercard,"Houston, TX",Galaxy S23,4,2025-09-19T04:00:51.719699,1,
104.60000000000001,Amex,"Houston, TX",iPad Pro,4,2025-09-19T04:00:51.719703,0,
46.3,Amex,"San Francisco, CA",iPad Pro,4,2025-09-19T04:00:51.719707,0,
1342.98,Amex,"Los Angeles, CA",iPhone 14,4,2025-09-19T04:00:51.719714,1,
104.39999999999999,Amex,"Miami, FL",iPhone 14,4,2025-09-19T04:00:51.719718,0,
157.5,Mastercard,"New York, NY",Pixel 7,4,2025-09-19T04:00:51.719722,0,
30.9,Visa,"Miami, FL",Galaxy S23,4,2025-09-19T04:00:51.719726,0,
115.9,Mastercard,"Houston, TX",iPad Pro,4,2025-09-19T04:00:51.719730,0,
221.6,Amex,"San Francisco, CA",Galaxy S23,4,2025-09-19T04:00:51.719734,0,
104.5,Visa,"Los Angeles, CA",Pixel 7,4,2025-09-19T04:00:51.719738,0,
121.30000000000001,Mastercard,"San Francisco, CA",Galaxy S23,4,2025-09-19T04:00:51.719744,0,
178.5,Mastercard,"San Francisco, CA",MacBook Air,4,2025-09-19T04:00:51.719748,0,
87.69999999999999,Mastercard,"Miami, FL",Galaxy S23,4,2025-09-19T04:00:51.719752,0,
124.80000000000001,Visa,"New York, NY",Galaxy S23,4,2025-09-19T04:00:51.719756,0,
50.8,Mastercard,"New York, NY",Galaxy S23,4,2025-09-19T04:00:51.719760,0,
263.9,Amex,"Los Angeles, CA",iPad Pro,4,2025-09-19T04:00:51.719764,0,
63.2,Mastercard,"Los Angeles, CA",Galaxy S23,4,2025-09-19T04:00:51.719768,0,
128.2,Mastercard,"San Francisco, CA",Pixel 7,4,2025-09-19T04:00:51.719772,0,
2172.46,Visa,"New York, NY",Pixel 7,4,2025-09-19T04:00:51.719779,1,
226.29999999999998,Amex,"San Francisco, CA",iPhone 14,4,2025-09-19T04:00:51.719783,0,
134.60000000000002,Mastercard,"New York, NY",MacBook Air,4,2025-09-19T04:00:51.719787,0,
1524.25,Amex,"San Francisco, CA",MacBook Air,4,2025-09-19T04:00:51.719793,1,
1413.15,Mastercard,"New York, NY",iPad Pro,4,2025-09-19T04:00:51.719799,1,
2557.69,Amex,"San Francisco, CA",iPhone 14,4,2025-09-19T04:00:51.719805,1,
157.5,Amex,"Los Angeles, CA",MacBook Air,4,2025-09-19T04:00:51.719809,0,
87.69999999999999,Amex,"San Francisco, CA",Galaxy S23,4,2025-09-19T04:00:51.719813,0,
3582.43,Amex,"Los Angeles, CA",iPhone 14,4,2025-09-19T04:00:51.719820,1,
3767.25,Mastercard,"Miami, FL",iPhone 14,4,2025-09-19T04:00:51.719826,1,
3952.7,Amex,"New York, NY",Pixel 7,4,2025-09-19T04:00:51.719832,1,
154.0,Amex,"New York, NY",MacBook Air,4,2025-09-19T04:00:51.719838,0,
130.1,Visa,"New York, NY",iPad Pro,4,2025-09-19T04:00:51.719842,0,
225.6,Amex,"Miami, FL",iPhone 14,4,2025-09-19T04:00:51.719846,0,
107.69999999999999,Mastercard,"San Francisco, CA",iPhone 14,4,2025-09-19T04:00:51.719850,0,
148.3,Mastercard,"Miami, FL",Pixel 7,4,2025-09-19T04:00:51.719854,0,
166.9,Mastercard,"Los Angeles, CA",Pixel 7,4,2025-09-19T04:00:51.719858,0,
213.0,Visa,"Chicago, IL",Pixel 7,4,2025-09-19T04:00:51.719862,0,
397.40000000000003,Visa,"Los Angeles, CA",Galaxy S23,4,2025-09-19T04:00:51.719866,0,
166.29999999999998,Mastercard,"New York, NY",Galaxy S23,4,2025-09-19T04:00:51.719870,0,
213.1,Visa,"San Francisco, CA",iPhone 14,4,2025-09-19T04:00:51.719874,0,
3753.28,Mastercard,"Los Angeles, CA",Galaxy S23,4,2025-09-19T04:00:51.719881,1,
92.89999999999999,Mastercard,"Los Angeles, CA",iPad Pro,4,2025-09-19T04:00:51.719886,0,
111.4,Mastercard,"Chicago, IL",Pixel 7,4,2025-09-19T04:00:51.719890,0,
1551.39,Mastercard,"Chicago, IL",Pixel 7,4,2025-09-19T04:00:51.719898,1,
210.39999999999998,Mastercard,"Houston, TX",Pixel 7,4,2025-09-19T04:00:51.719902,0,
127.89999999999999,Mastercard,"Los Angeles, CA",iPhone 14,4,2025-09-19T04:00:51.719906,0,
73.4,Visa,"New York, NY",iPhone 14,4,2025-09-19T04:00:51.719910,0,
100.5,Visa,"San Francisco, CA",MacBook Air,4,2025-09-19T04:00:51.719914,0,
89.5,Amex,"Miami, FL",Pixel 7,4,2025-09-19T04:00:51.719918,0,
64.2,Visa,"San Francisco, CA",Pixel 7,4,2025-09-19T04:00:51.719922,0,
164.5,Mastercard,"San Francisco, CA",iPad Pro,4,2025-09-19T04:00:51.719928,0,
105.19999999999999,Visa,"Chicago, IL",Pixel 7,4,2025-09-19T04:00:51.719932,0,
173.70000000000002,Mastercard,"San Francisco, CA",Pixel 7,4,2025-09-19T04:00:51.719936,0,
294.20000000000005,Mastercard,"Houston, TX",iPad Pro,4,2025-09-19T04:00:51.719940,0,
257.5,Mastercard,"Los Angeles, CA",iPad Pro,4,2025-09-19T04:00:51.719944,0,
4819.64,Visa,"Miami, FL",Galaxy S23,4,2025-09-19T04:00:51.719951,1,
2850.93,Mastercard,"New York, NY",Pixel 7,4,2025-09-19T04:00:51.719957,1,
65.3,Mastercard,"Los Angeles, CA",iPad Pro,4,2025-09-19T04:00:51.719961,0,
211.4,Mastercard,"San Francisco, CA",MacBook Air,4,2025-09-19T04:00:51.719965,0,
1220.52,Visa,"New York, NY",iPhone 14,4,2025-09-19T04:00:51.719971,1,
3579.44,Mastercard,"Chicago, IL",iPhone 14,4,2025-09-19T04:00:51.719977,1,
102.89999999999999,Visa,"San Francisco, CA",iPad Pro,4,2025-09-19T04:00:51.719981,0,
4990.51,Amex,"San Francisco, CA",Pixel 7,4,2025-09-19T04:00:51.719988,1,
130.8,Visa,"San Francisco, CA",Pixel 7,4,2025-09-19T04:00:51.719992,0,
65.1,Visa,"San Francisco, CA",MacBook Air,4,2025-09-19T04:00:51.719996,0,
106.30000000000001,Amex,"Chicago, IL",iPad Pro,4,2025-09-19T04:00:51.720000,0,
90.8,Amex,"San Francisco, CA",Galaxy S23,4,2025-09-19T04:00:51.720005,0,
89.1,Amex,"Miami, FL",iPad Pro,4,2025-09-19T04:00:51.720009,0,
226.70000000000002,Amex,"Los Angeles, CA",iPhone 14,4,2025-09-19T04:00:51.720013,0,
59.699999999999996,Visa,"Miami, FL",iPad Pro,4,2025-09-19T04:00:51.720019,0,
2710.3,Visa,"San Francisco, CA",Galaxy S23,4,2025-09-19T04:00:51.720025,1,
130.9,Mastercard,"Chicago, IL",MacBook Air,4,2025-09-19T04:00:51.720029,0,
411.5,Mastercard,"New York, NY",iPhone 14,4,2025-09-19T04:00:51.720033,0,
61.3,Mastercard,"Houston, TX",Galaxy S23,4,2025-09-19T04:00:51.720037,0,
184.5,Visa,"San Francisco, CA",Galaxy S23,4,2025-09-19T04:00:51.720041,0,
1555.34,Mastercard,"San Francisco, CA",Pixel 7,4,2025-09-19T04:00:51.720048,1,
100.60000000000001,Mastercard,"Los Angeles, CA",iPad Pro,4,2025-09-19T04:00:51.720052,0,
46.3,Mastercard,"New York, NY",iPhone 14,4,2025-09-19T04:00:51.720056,0,
2712.11,Mastercard,"Houston, TX",MacBook Air,4,2025-09-19T04:00:51.720062,1,
34.300000000000004,Visa,"Miami, FL",Galaxy S23,4,2025-09-19T04:00:51.720067,0,
117.89999999999999,Mastercard,"Los Angeles, CA",iPad Pro,4,2025-09-19T04:00:51.720070,0,
3352.6,Visa,"Los Angeles, CA",Galaxy S23,4,2025-09-19T04:00:51.720077,1,
162.3,Amex,"Los Angeles, CA",iPad Pro,4,2025-09-19T04:00:51.720081,0,
90.39999999999999,Visa,"Miami, FL",MacBook Air,4,2025-09-19T04:00:51.720085,0,
121.0,Visa,"Los Angeles, CA",Galaxy S23,4,2025-09-19T04:00:51.720089,0,
44.2,Mastercard,"Houston, TX",MacBook Air,4,2025-09-19T04:00:51.720093,0,
122.8,Mastercard,"New York, NY",Galaxy S23,4,2025-09-19T04:00:51.720097,0,
117.8,Visa,"Los Angeles, CA",MacBook Air,4,2025-09-19T04:00:51.720101,0,
89.80000000000001,Visa,"Chicago, IL",iPhone 14,4,2025-09-19T04:00:51.720105,0,
181.29999999999998,Mastercard,"Chicago, IL",Galaxy S23,4,2025-09-19T04:00:51.720112,0,
3617.56,Mastercard,"Chicago, IL",MacBook Air,4,2025-09-19T04:00:51.720118,1,
89.7,Mastercard,"San Francisco, CA",Galaxy S23,4,2025-09-19T04:00:51.720122,0,
78.89999999999999,Mastercard,"New York, NY",Galaxy S23,4,2025-09-19T04:00:51.720126,0,
207.8,Mastercard,"Houston, TX",Pixel 7,4,2025-09-19T04:00:51.720132,0,
122.30000000000001,Mastercard,"Houston, TX",Galaxy S23,4,2025-09-19T04:00:51.720138,0,
148.3,Visa,"San Francisco, CA",MacBook Air,4,2025-09-19T04:00:51.720142,0,
3337.84,Visa,"Chicago, IL",iPhone 14,4,2025-09-19T04:00:51.720149,1,
69.2,Amex,"San Francisco, CA",MacBook Air,4,2025-09-19T04:00:51.720153,0,
4834.32,Mastercard,"Los Angeles, CA",iPhone 14,4,2025-09-19T04:00:51.720159,1,
63.2,Amex,"Chicago, IL",iPhone 14,4,2025-09-19T04:00:51.720163,0,
2225.81,Amex,"Miami, FL",iPad Pro,4,2025-09-19T04:00:51.720169,1,
2999.93,Visa,"Los Angeles, CA",iPhone 14,4,2025-09-19T04:00:51.720175,1,
53.7,Amex,"Houston, TX",Galaxy S23,4,2025-09-19T04:00:51.720180,0,
2088.66,Mastercard,"Miami, FL",Pixel 7,4,2025-09-19T04:00:51.720186,1,
56.4,Amex,"Los Angeles, CA",Pixel 7,4,2025-09-19T04:00:51.720190,0,
131.0,Visa,"Miami, FL",iPad Pro,4,2025-09-19T04:00:51.720194,0,
269.7,Amex,"Chicago, IL",Pixel 7,4,2025-09-19T04:00:51.720198,0,
4284.49,Visa,"Chicago, IL",iPad Pro,4,2025-09-19T04:00:51.720206,1,
57.0,Visa,"Chicago, IL",iPhone 14,4,2025-09-19T04:00:51.720211,0,
137.0,Visa,"Chicago, IL",iPhone 14,4,2025-09-19T04:00:51.720216,0,
100.0,Mastercard,"Los Angeles, CA",MacBook Air,4,2025-09-19T04:00:51.720221,0,
2707.35,Visa,"New York, NY",Galaxy S23,4,2025-09-19T04:00:51.720229,1,
58.6,Amex,"New York, NY",Galaxy S23,4,2025-09-19T04:00:51.720233,0,
208.70000000000002,Visa,"Chicago, IL",Pixel 7,4,2025-09-19T04:00:51.720237,0,
138.8,Mastercard,"Chicago, IL",iPad Pro,4,2025-09-19T04:00:51.720241,0,
299.40000000000003,Visa,"Houston, TX",MacBook Air,4,2025-09-19T04:00:51.720247,0,
3712.39,Amex,"New York, NY",Galaxy S23,4,2025-09-19T04:00:51.720253,1,
181.8,Visa,"Chicago, IL",iPhone 14,4,2025-09-19T04:00:51.720257,0,
136.1,Visa,"Chicago, IL",MacBook Air,4,2025-09-19T04:00:51.720261,0,
4519.65,Amex,"Houston, TX",Galaxy S23,4,2025-09-19T04:00:51.720268,1,
91.19999999999999,Mastercard,"San Francisco, CA",MacBook Air,4,2025-09-19T04:00:51.720272,0,
120.39999999999999,Visa,"Miami, FL",Pixel 7,4,2025-09-19T04:00:51.720276,0,
4684.24,Amex,"Los Angeles, CA",iPhone 14,4,2025-09-19T04:00:51.720282,1,
183.29999999999998,Mastercard,"Miami, FL",iPad Pro,4,2025-09-19T04:00:51.720287,0,
242.7,Visa,"San Francisco, CA",iPad Pro,4,2025-09-19T04:00:51.720290,0,
290.9,Mastercard,"New York, NY",iPhone 14,4,2025-09-19T04:00:51.720295,0,
2502.02,Amex,"Chicago, IL",Galaxy S23,4,2025-09-19T04:00:51.720301,1,
72.5,Amex,"Houston, TX",iPad Pro,4,2025-09-19T04:00:51.720306,0,
170.6,Mastercard,"Miami, FL",iPhone 14,4,2025-09-19T04:00:51.720316,0,
1798.76,Mastercard,"Miami, FL",MacBook Air,4,2025-09-19T04:00:51.720322,1,
98.69999999999999,Amex,"Chicago, IL",Galaxy S23,4,2025-09-19T04:00:51.720326,0,
108.3,Mastercard,"San Francisco, CA",MacBook Air,4,2025-09-19T04:00:51.720330,0,
295.1,Mastercard,"Miami, FL",iPad Pro,4,2025-09-19T04:00:51.720334,0,
139.1,Visa,"Chicago, IL",Galaxy S23,4,2025-09-19T04:00:51.720338,0,
88.4,Visa,"New York, NY",Pixel 7,4,2025-09-19T04:00:51.720343,0,
154.1,Amex,"Houston, TX",Galaxy S23,4,2025-09-19T04:00:51.720347,0,
111.89999999999999,Amex,"Chicago, IL",Galaxy S23,4,2025-09-19T04:00:51.720351,0,
321.3,Mastercard,"Los Angeles, CA",iPad Pro,4,2025-09-19T04:00:51.720355,0,
206.6,Mastercard,"Los Angeles, CA",Galaxy S23,4,2025-09-19T04:00:51.720359,0,
4060.38,Amex,"Houston, TX",MacBook Air,4,2025-09-19T04:00:51.720365,1,
177.10000000000002,Visa,"New York, NY",Pixel 7,4,2025-09-19T04:00:51.720369,0,
104.80000000000001,Visa,"Los Angeles, CA",iPad Pro,4,2025-09-19T04:00:51.720374,0,
83.4,Amex,"New York, NY",Galaxy S23,4,2025-09-19T04:00:51.720378,0,
225.39999999999998,Visa,"Miami, FL",MacBook Air,4,2025-09-19T04:00:51.720383,0,
72.2,Visa,"Houston, TX",Pixel 7,4,2025-09-19T04:00:51.720387,0,
128.8,Visa,"Los Angeles, CA",MacBook Air,4,2025-09-19T04:00:51.720392,0,
45.0,Amex,"Houston, TX",MacBook Air,4,2025-09-19T04:00:51.720396,0,
113.80000000000001,Amex,"Houston, TX",Galaxy S23,4,2025-09-19T04:00:51.720401,0,
4122.3,Amex,"Chicago, IL",Galaxy S23,4,2025-09-19T04:00:51.720408,1,
342.29999999999995,Visa,"Houston, TX",iPad Pro,4,2025-09-19T04:00:51.720412,0,
97.2,Amex,"San Francisco, CA",Galaxy S23,4,2025-09-19T04:00:51.720416,0,
2835.92,Mastercard,"Houston, TX",iPad Pro,4,2025-09-19T04:00:51.720423,1,
100.9,Amex,"San Francisco, CA",iPhone 14,4,2025-09-19T04:00:51.720427,0,
109.7,Mastercard,"San Francisco, CA",iPad Pro,4,2025-09-19T04:00:51.720431,0,
1234.21,Amex,"San Francisco, CA",Pixel 7,4,2025-09-19T04:00:51.720437,1,
44.400000000000006,Visa,"Los Angeles, CA",Galaxy S23,4,2025-09-19T04:00:51.720442,0,
237.60000000000002,Amex,"San Francisco, CA",iPad Pro,4,2025-09-19T04:00:51.720446,0,
188.70000000000002,Mastercard,"Houston, TX",iPad Pro,4,2025-09-19T04:00:51.720450,0,
50.7,Mastercard,"Chicago, IL",MacBook Air,4,2025-09-19T04:00:51.720454,0,
204.1,Visa,"San Francisco, CA",iPhone 14,4,2025-09-19T04:00:51.720459,0,
171.20000000000002,Visa,"San Francisco, CA",iPhone 14,4,2025-09-19T04:00:51.720463,0,
94.39999999999999,Amex,"New York, NY",iPhone 14,4,2025-09-19T04:00:51.720467,0,
88.0,Amex,"New York, NY",iPhone 14,4,2025-09-19T04:00:51.720471,0,
54.5,Mastercard,"Houston, TX",MacBook Air,4,2025-09-19T04:00:51.720475,0,
3309.71,Mastercard,"Los Angeles, CA",iPhone 14,4,2025-09-19T04:00:51.720481,1,
148.1,Mastercard,"Chicago, IL",Galaxy S23,4,2025-09-19T04:00:51.720485,0,
237.89999999999998,Mastercard,"Chicago, IL",Pixel 7,4,2025-09-19T04:00:51.720489,0,
68.0,Amex,"Los Angeles, CA",iPad Pro,4,2025-09-19T04:00:51.720496,0,
181.29999999999998,Mastercard,"Los Angeles, CA",Galaxy S23,4,2025-09-19T04:00:51.720500,0,
137.89999999999998,Visa,"Houston, TX",Pixel 7,4,2025-09-19T04:00:51.720504,0,
236.20000000000002,Amex,"Los Angeles, CA",iPad Pro,4,2025-09-19T04:00:51.720508,0,
160.39999999999998,Amex,"Miami, FL",Galaxy S23,4,2025-09-19T04:00:51.720512,0,
3744.84,Visa,"Houston, TX",iPhone 14,4,2025-09-19T04:00:51.720520,1,
60.5,Mastercard,"Miami, FL",iPhone 14,4,2025-09-19T04:00:51.720524,0,
2353.7,Amex,"Miami, FL",iPhone 14,4,2025-09-19T04:00:51.720530,1,
181.8,Amex,"Los Angeles, CA",iPhone 14,4,2025-09-19T04:00:51.720535,0,
239.8,Amex,"New York, NY",Galaxy S23,4,2025-09-19T04:00:51.720539,0,
3550.29,Mastercard,"Los Angeles, CA",Pixel 7,4,2025-09-19T04:00:51.720545,1,
2233.24,Amex,"Houston, TX",MacBook Air,4,2025-09-19T04:00:51.720552,1,
120.60000000000001,Amex,"San Francisco, CA",MacBook Air,4,2025-09-19T04:00:51.720556,0,
133.8,Visa,"New York, NY",Galaxy S23,4,2025-09-19T04:00:51.720560,0,
181.1,Mastercard,"Houston, TX",iPhone 14,4,2025-09-19T04:00:51.720564,0,
113.2,Mastercard,"Houston, TX",Galaxy S23,4,2025-09-19T04:00:51.720568,0,
132.6,Visa,"New York, NY",iPhone 14,4,2025-09-19T04:00:51.720572,0,
262.7,Amex,"New York, NY",Galaxy S23,4,2025-09-19T04:00:51.720577,0,
128.6,Visa,"San Francisco, CA",Pixel 7,4,2025-09-19T04:00:51.720581,0,
96.5,Mastercard,"Los Angeles, CA",Pixel 7,4,2025-09-19T04:00:51.720587,0,
79.6,Amex,"Houston, TX",Pixel 7,4,2025-09-19T04:00:51.720591,0,
80.0,Mastercard,"Los Angeles, CA",MacBook Air,4,2025-09-19T04:00:51.720595,0,
167.60000000000002,Mastercard,"New York, NY",Pixel 7,4,2025-09-19T04:00:51.720600,0,
3939.24,Mastercard,"Houston, TX",Pixel 7,4,2025-09-19T04:00:51.720606,1,
211.8,Visa,"Los Angeles, CA",Galaxy S23,4,2025-09-19T04:00:51.720611,0,
148.4,Amex,"Los Angeles, CA",iPhone 14,4,2025-09-19T04:00:51.720615,0,
171.70000000000002,Amex,"Chicago, IL",MacBook Air,4,2025-09-19T04:00:51.720619,0,
3073.54,Visa,"Miami, FL",Pixel 7,4,2025-09-19T04:00:51.720627,1,
132.89999999999998,Visa,"Houston, TX",iPad Pro,4,2025-09-19T04:00:51.720632,0,
95.3,Visa,"Chicago, IL",Pixel 7,4,2025-09-19T04:00:51.720636,0,
129.9,Visa,"San Francisco, CA",iPhone 14,4,2025-09-19T04:00:51.720640,0,
138.7,Visa,"Houston, TX",iPad Pro,4,2025-09-19T04:00:51.720644,0,
48.6,Amex,"San Francisco, CA",iPad Pro,4,2025-09-19T04:00:51.720648,0,
56.2,Amex,"New York, NY",MacBook Air,4,2025-09-19T04:00:51.720653,0,
133.0,Mastercard,"San Francisco, CA",iPad Pro,4,2025-09-19T04:00:51.720657,0,
3349.5,Mastercard,"Los Angeles, CA",Pixel 7,4,2025-09-19T04:00:51.720663,1,
138.1,Visa,"New York, NY",MacBook Air,4,2025-09-19T04:00:51.720668,0,
275.1,Amex,"Chicago, IL",iPad Pro,4,2025-09-19T04:00:51.720672,0,
159.8,Amex,"San Francisco, CA",iPad Pro,4,2025-09-19T04:00:51.720676,0,
96.89999999999999,Amex,"Chicago, IL",MacBook Air,4,2025-09-19T04:00:51.720682,0,
3723.55,Mastercard,"Los Angeles, CA",Pixel 7,4,2025-09-19T04:00:51.720689,1,
151.7,Amex,"San Francisco, CA",Galaxy S23,4,2025-09-19T04:00:51.720693,0,
123.80000000000001,Mastercard,"San Francisco, CA",Pixel 7,4,2025-09-19T04:00:51.720697,0,
4690.61,Visa,"San Francisco, CA",iPad Pro,4,2025-09-19T04:00:51.720703,1,
4353.25,Visa,"New York, NY",iPad Pro,4,2025-09-19T04:00:51.720710,1,
255.0,Mastercard,"San Francisco, CA",Galaxy S23,4,2025-09-19T04:00:51.720714,0,
1113.46,Visa,"New York, NY",Galaxy S23,4,2025-09-19T04:00:51.720720,1,
4736.96,Visa,"San Francisco, CA",Pixel 7,4,2025-09-19T04:00:51.720726,1,
91.89999999999999,Visa,"Los Angeles, CA",iPad Pro,4,2025-09-19T04:00:51.720730,0,
129.4,Mastercard,"Houston, TX",iPad Pro,4,2025-09-19T04:00:51.720734,0,
1393.76,Mastercard,"San Francisco, CA",iPhone 14,4,2025-09-19T04:00:51.720741,1,
2681.09,Visa,"San Francisco, CA",iPhone 14,4,2025-09-19T04:00:51.720747,1,
214.89999999999998,Visa,"New York, NY",Galaxy S23,4,2025-09-19T04:00:51.720751,0,
158.1,Amex,"Los Angeles, CA",MacBook Air,4,2025-09-19T04:00:51.720755,0,
188.0,Mastercard,"Houston, TX",MacBook Air,4,2025-09-19T04:00:51.720759,0,
3475.74,Amex,"Los Angeles, CA",Galaxy S23,4,2025-09-19T04:00:51.720765,1,
110.5,Visa,"New York, NY",MacBook Air,4,2025-09-19T04:00:51.720770,0,
60.7,Visa,"Miami, FL",Pixel 7,4,2025-09-19T04:00:51.720774,0,
208.5,Mastercard,"San Francisco, CA",Pixel 7,4,2025-09-19T04:00:51.720783,0,
150.2,Visa,"Los Angeles, CA",iPad Pro,4,2025-09-19T04:00:51.720787,0,
123.10000000000001,Amex,"Chicago, IL",MacBook Air,4,2025-09-19T04:00:51.720791,0,
194.8,Amex,"Houston, TX",Galaxy S23,4,2025-09-19T04:00:51.720796,0,
4407.72,Visa,"Houston, TX",iPhone 14,4,2025-09-19T04:00:51.720802,1,
156.7,Amex,"Chicago, IL",iPhone 14,4,2025-09-19T04:00:51.720807,0,
102.6,Visa,"Miami, FL",iPhone 14,4,2025-09-19T04:00:51.720811,0,
22.3,Visa,"Houston, TX",Galaxy S23,4,2025-09-19T04:00:51.720815,0,
200.10000000000002,Amex,"Houston, TX",iPhone 14,4,2025-09-19T04:00:51.720819,0,
125.39999999999999,Amex,"San Francisco, CA",iPad Pro,4,2025-09-19T04:00:51.720824,0,
179.8,Mastercard,"Los Angeles, CA",iPhone 14,4,2025-09-19T04:00:51.720828,0,
4130.65,Visa,"Houston, TX",Pixel 7,4,2025-09-19T04:00:51.720839,1,
1816.34,Amex,"San Francisco, CA",Pixel 7,4,2025-09-19T04:00:51.720846,1,
137.10000000000002,Amex,"Miami, FL",MacBook Air,4,2025-09-19T04:00:51.720850,0,
2774.66,Amex,"Miami, FL",Galaxy S23,4,2025-09-19T04:00:51.720857,1,
64.0,Visa,"Houston, TX",MacBook Air,4,2025-09-19T04:00:51.720861,0,
28.3,Visa,"New York, NY",iPhone 14,4,2025-09-19T04:00:51.720866,0,
2489.42,Mastercard,"Houston, TX",MacBook Air,4,2025-09-19T04:00:51.720872,1,
196.0,Amex,"Houston, TX",Pixel 7,4,2025-09-19T04:00:51.720877,0,
92.30000000000001,Visa,"Chicago, IL",Pixel 7,4,2025-09-19T04:00:51.720881,0,
108.4,Amex,"Chicago, IL",iPhone 14,4,2025-09-19T04:00:51.720889,0,
167.3,Visa,"New York, NY",Galaxy S23,4,2025-09-19T04:00:51.720894,0,
143.8,Mastercard,"Chicago, IL",MacBook Air,4,2025-09-19T04:00:51.720899,0,
120.9,Mastercard,"Miami, FL",iPad Pro,4,2025-09-19T04:00:51.720903,0,
71.10000000000001,Visa,"Miami, FL",MacBook Air,4,2025-09-19T04:00:51.720907,0,
170.6,Mastercard,"Chicago, IL",Galaxy S23,4,2025-09-19T04:00:51.720911,0,
80.7,Visa,"San Francisco, CA",Pixel 7,4,2025-09-19T04:00:51.720915,0,
159.2,Visa,"New York, NY",MacBook Air,4,2025-09-19T04:00:51.720920,0,
216.9,Amex,"New York, NY",iPad Pro,4,2025-09-19T04:00:51.720924,0,
3157.85,Amex,"New York, NY",MacBook Air,4,2025-09-19T04:00:51.720930,1,
153.1,Amex,"Chicago, IL",iPad Pro,4,2025-09-19T04:00:51.720934,0,
3837.86,Mastercard,"San Francisco, CA",Pixel 7,4,2025-09-19T04:00:51.720941,1,
334.20000000000005,Visa,"Los Angeles, CA",iPhone 14,4,2025-09-19T04:00:51.720945,0,
67.2,Mastercard,"Los Angeles, CA",Pixel 7,4,2025-09-19T04:00:51.720950,0,
3705.21,Mastercard,"Houston, TX",iPad Pro,4,2025-09-19T04:00:51.720956,1,
2632.63,Visa,"Los Angeles, CA",iPad Pro,4,2025-09-19T04:00:51.720963,1,
103.3,Amex,"Miami, FL",MacBook Air,4,2025-09-19T04:00:51.720968,0,
94.3,Mastercard,"Chicago, IL",Galaxy S23,4,2025-09-19T04:00:51.720972,0,
126.6,Visa,"Houston, TX",iPad Pro,4,2025-09-19T04:00:51.720977,0,
2884.56,Amex,"Houston, TX",iPad Pro,4,2025-09-19T04:00:51.720986,1,
52.1,Mastercard,"Houston, TX",iPhone 14,4,2025-09-19T04:00:51.720991,0,
123.3,Amex,"San Francisco, CA",MacBook Air,4,2025-09-19T04:00:51.720995,0,
235.9,Amex,"Miami, FL",MacBook Air,4,2025-09-19T04:00:51.720999,0,
110.9,Visa,"Los Angeles, CA",Pixel 7,4,2025-09-19T04:00:51.721004,0,
530.4,Amex,"Miami, FL",Pixel 7,4,2025-09-19T04:00:51.721008,0,
1690.1,Amex,"Los Angeles, CA",iPhone 14,4,2025-09-19T04:00:51.721014,1,
227.5,Visa,"San Francisco, CA",iPhone 14,4,2025-09-19T04:00:51.721018,0,
51.5,Mastercard,"Chicago, IL",MacBook Air,4,2025-09-19T04:00:51.721023,0,
3507.94,Amex,"San Francisco, CA",iPhone 14,4,2025-09-19T04:00:51.721029,1,
201.1,Mastercard,"New York, NY",Galaxy S23,4,2025-09-19T04:00:51.721033,0,
167.8,Mastercard,"Chicago, IL",Galaxy S23,4,2025-09-19T04:00:51.721038,0,
146.7,Amex,"Chicago, IL",iPad Pro,4,2025-09-19T04:00:51.721042,0,
124.39999999999999,Mastercard,"New York, NY",iPhone 14,4,2025-09-19T04:00:51.721046,0,
90.3,Visa,"Los Angeles, CA",Pixel 7,4,2025-09-19T04:00:51.721051,0,
2381.04,Mastercard,"Chicago, IL",iPad Pro,4,2025-09-19T04:00:51.721057,1,
235.2,Amex,"Los Angeles, CA",Pixel 7,4,2025-09-19T04:00:51.721061,0,
177.0,Amex,"Houston, TX",Galaxy S23,4,2025-09-19T04:00:51.721066,0,
121.89999999999999,Visa,"Miami, FL",iPad Pro,4,2025-09-19T04:00:51.721070,0,
151.8,Amex,"New York, NY",MacBook Air,4,2025-09-19T04:00:51.721074,0,
258.8,Mastercard,"Chicago, IL",Galaxy S23,4,2025-09-19T04:00:51.721080,0,
1978.9,Mastercard,"New York, NY",Pixel 7,4,2025-09-19T04:00:51.721087,1,
199.1,Mastercard,"New York, NY",iPhone 14,4,2025-09-19T04:00:51.721092,0,
90.19999999999999,Amex,"New York, NY",iPad Pro,4,2025-09-19T04:00:51.721096,0,
170.3,Visa,"Chicago, IL",iPad Pro,4,2025-09-19T04:00:51.721100,0,
87.69999999999999,Amex,"Los Angeles, CA",iPad Pro,4,2025-09-19T04:00:51.721104,0,
4148.66,Amex,"Houston, TX",MacBook Air,4,2025-09-19T04:00:51.721111,1,
203.70000000000002,Mastercard,"Houston, TX",iPad Pro,4,2025-09-19T04:00:51.721115,0,
98.2,Amex,"New York, NY",iPad Pro,4,2025-09-19T04:00:51.721119,0,
94.60000000000001,Mastercard,"San Francisco, CA",iPad Pro,4,2025-09-19T04:00:51.721124,0,
63.099999999999994,Mastercard,"New York, NY",iPad Pro,4,2025-09-19T04:00:51.721128,0,
2767.17,Mastercard,"Los Angeles, CA",Pixel 7,4,2025-09-19T04:00:51.721135,1,
87.30000000000001,Visa,"New York, NY",iPad Pro,4,2025-09-19T04:00:51.721139,0,
1158.58,Mastercard,"New York, NY",Galaxy S23,4,2025-09-19T04:00:51.721148,1,
85.39999999999999,Mastercard,"Houston, TX",Pixel 7,4,2025-09-19T04:00:51.721153,0,
3122.27,Visa,"Miami, FL",Pixel 7,4,2025-09-19T04:00:51.721162,1,
124.0,Visa,"New York, NY",Pixel 7,4,2025-09-19T04:00:51.721167,0,
96.4,Visa,"New York, NY",iPhone 14,4,2025-09-19T04:00:51.721172,0,
1661.76,Visa,"Chicago, IL",Galaxy S23,4,2025-09-19T04:00:51.721178,1,
139.4,Mastercard,"Chicago, IL",iPhone 14,4,2025-09-19T04:00:51.721186,0,
78.8,Mastercard,"Los Angeles, CA",MacBook Air,4,2025-09-19T04:00:51.721190,0,
168.5,Mastercard,"New York, NY",Pixel 7,4,2025-09-19T04:00:51.721194,0,
154.0,Mastercard,"San Francisco, CA",iPhone 14,4,2025-09-19T04:00:51.917590,False,0
